,zip_code,count,price*rating,review_count,price*review_count,price_1,price_2,price_3,price_4,rating_0.0,rating_1.0,rating_1.5,rating_2.0,rating_2.5,rating_3.0,rating_3.5,rating_4.0,rating_4.5,rating_5,cluster_0,cluster_1,cluster_2,cluster_3,cluster_4,cluster_5,cluster_6,cluster_7,cluster_8,cluster_9,cluster_10,cluster_11,cluster_12,cluster_13,cluster_14,cluster_15,cluster_16,cluster_17,cluster_18,cluster_19,cluster_20,cluster_21,cluster_22,cluster_23,cluster_24,cluster_25,cluster_26,cluster_27,cluster_28,cluster_29,cluster_30,cluster_31,cluster_32,cluster_33,cluster_34,cluster_35,cluster_36
210,91362,36,6.791666666666667,287.97222222222223,503.9513888888889,12,21,3,0,0,0,0,0,4,5,4,13,9,1,0,0,0,0,0,0,0,1,0,0,0,0,0,0,0,0,0,0,0,0,0,0,0,0,0,0,0,0,0,0,0,0,0,0,0,0,0
81,90260,80,4.7125,163.45,210.441875,57,23,0,0,0,0,1,9,6,12,16,13,18,5,0,0,0,0,0,0,0,0,0,0,0,0,0,0,0,0,1,0,0,0,0,0,0,0,0,0,0,0,0,0,0,0,0,0,0,0,0
194,91325,69,4.927536231884058,194.3768115942029,267.6202478470909,43,26,0,0,0,0,2,2,13,6,13,20,11,2,0,0,0,0,0,1,0,0,0,0,0,0,0,0,0,0,0,0,0,0,0,0,0,0,0,0,0,0,0,0,0,0,0,0,0,0,0
39,90042,258,5.445736434108527,234.92635658914728,325.9830839492819,162,92,4,0,0,0,6,8,8,18,38,106,58,16,0,0,0,0,0,0,0,0,0,0,0,0,1,0,0,0,0,0,0,0,0,0,0,0,0,0,0,0,0,0,0,0,0,0,0,0,0
226,91501,9,7.944444444444445,161.55555555555554,323.1111111111111,1,7,1,0,0,0,0,0,1,2,0,3,1,2,0,0,0,0,0,0,0,0,0,0,0,0,0,0,0,0,0,0,0,0,0,0,0,0,0,1,0,0,0,0,0,0,0,0,0,0,0
104,90404,100,5.54,169.93,259.9929,55,39,4,2,0,0,0,2,13,18,25,26,13,3,0,0,0,0,0,0,0,0,0,0,0,0,0,0,0,0,0,0,0,0,0,0,0,0,0,0,0,0,0,0,0,0,0,0,1,0,0
152,90810,61,4.147540983606557,67.54098360655738,78.61327600107498,52,8,1,0,0,0,2,4,6,9,12,10,16,2,0,0,0,0,0,0,0,0,1,0,0,0,0,0,0,0,0,0,0,0,0,0,0,0,0,0,0,0,0,0,0,0,0,0,0,0,0
275,92056,1,8.0,5.0,10.0,0,1,0,0,0,0,0,0,0,0,0,1,0,0,0,0,0,0,0,0,1,0,0,0,0,0,0,0,0,0,0,0,0,0,0,0,0,0,0,0,0,0,0,0,0,0,0,0,0,0,0
155,90815,109,4.6422018348623855,242.11009174311926,315.4094773167242,76,33,0,0,0,0,1,4,15,18,27,25,16,3,0,0,0,0,0,0,0,0,1,0,0,0,0,0,0,0,0,0,0,0,0,0,0,0,0,0,0,0,0,0,0,0,0,0,0,0,0
227,91502,150,6.053333333333334,370.3333333333333,607.3466666666666,58,89,2,1,0,0,0,2,13,24,40,46,25,0,0,0,0,0,0,0,0,0,0,0,0,0,0,0,0,0,0,0,0,0,0,0,0,0,0,1,0,0,0,0,0,0,0,0,0,0,0
143,90746,85,4.194117647058824,156.14117647058825,213.08678200692043,56,27,2,0,0,0,1,15,15,19,15,15,5,0,0,0,0,0,0,0,0,0,0,0,0,0,0,0,0,0,1,0,0,0,0,0,0,0,0,0,0,0,0,0,0,0,0,0,0,0,0
66,90220,108,3.763888888888889,63.333333333333336,75.06172839506172,89,18,1,0,0,1,13,16,12,19,13,13,12,9,0,0,0,0,0,0,0,0,0,0,0,0,0,0,0,0,0,0,0,0,0,0,0,0,0,0,0,0,0,1,0,0,0,0,0,0,0
203,91350,72,5.375,178.29166666666666,262.4849537037037,38,34,0,0,0,0,2,4,6,10,16,24,7,3,1,0,0,0,0,0,0,0,0,0,0,0,0,0,0,0,0,0,0,0,0,0,0,0,0,0,0,0,0,0,0,0,0,0,0,0,0
18,90020,357,6.525210084033613,418.4341736694678,697.390289449113,136,207,11,3,0,0,4,7,6,24,70,147,90,9,0,0,1,0,0,0,0,0,0,0,0,0,0,0,0,0,0,0,0,0,0,0,0,0,0,0,0,0,0,0,0,0,0,0,0,0,0
274,91803,94,4.553191489361702,277.20212765957444,368.6198506111362,65,27,2,0,0,0,1,5,16,13,29,21,8,1,0,0,0,0,0,0,0,0,0,0,0,0,0,0,0,0,0,0,0,1,0,0,0,0,0,0,0,0,0,0,0,0,0,0,0,0,0
291,92692,1,4.0,189.0,189.0,1,0,0,0,0,0,0,0,0,0,0,1,0,0,0,1,0,0,0,0,0,0,0,0,0,0,0,0,0,0,0,0,0,0,0,0,0,0,0,0,0,0,0,0,0,0,0,0,0,0,0
19,90021,165,6.2,174.77575757575758,272.22648301193755,83,74,6,2,0,0,2,11,5,7,19,57,44,20,0,0,1,0,0,0,0,0,0,0,0,0,0,0,0,0,0,0,0,0,0,0,0,0,0,0,0,0,0,0,0,0,0,0,0,0,0
164,91030,76,5.5855263157894735,294.0131578947368,441.0197368421052,39,36,1,0,0,0,3,0,3,12,21,25,11,1,0,0,0,0,0,0,0,0,0,0,0,0,0,0,0,0,0,0,0,1,0,0,0,0,0,0,0,0,0,0,0,0,0,0,0,0,0
92,90290,7,8.857142857142858,304.14285714285717,651.7346938775511,1,4,2,0,0,0,0,0,0,1,1,3,0,2,0,0,0,0,0,0,0,0,0,0,0,0,0,0,0,0,0,0,0,0,1,0,0,0,0,0,0,0,0,0,0,0,0,0,0,0,0
79,90254,90,6.811111111111111,340.1111111111111,600.8629629629629,27,57,6,0,0,0,0,0,2,9,26,32,21,0,0,0,0,0,0,0,0,0,0,0,0,0,0,0,0,0,1,0,0,0,0,0,0,0,0,0,0,0,0,0,0,0,0,0,0,0,0
219,91402,121,4.016528925619835,97.12396694214875,116.3882248480295,97,24,0,0,0,1,6,13,14,17,22,25,18,5,0,0,0,0,0,1,0,0,0,0,0,0,0,0,0,0,0,0,0,0,0,0,0,0,0,0,0,0,0,0,0,0,0,0,0,0,0
157,91006,95,5.378947368421053,225.26315789473685,324.8531855955679,54,40,1,0,0,0,1,6,5,10,23,35,11,4,0,0,0,0,0,0,0,0,0,0,0,0,0,0,0,0,0,0,0,0,0,0,0,0,0,0,0,1,0,0,0,0,0,0,0,0,0
72,90241,150,4.91,278.94,405.3928,82,68,0,0,0,0,9,8,16,22,39,37,17,2,0,0,0,0,0,0,0,0,0,0,0,0,0,0,0,0,0,0,0,0,0,0,0,0,0,0,0,0,0,0,0,1,0,0,0,0,0
96,90301,181,4.856353591160221,183.353591160221,241.09477732669941,124,57,0,0,0,0,4,15,11,15,34,56,35,11,0,0,0,0,0,0,0,0,0,0,0,0,0,0,0,0,0,0,0,0,0,0,0,0,0,0,0,0,0,0,0,0,1,0,0,0,0
15,90017,161,5.975155279503106,397.40372670807454,639.3016473129895,76,74,9,2,0,0,0,5,7,19,48,56,24,2,0,0,1,0,0,0,0,0,0,0,0,0,0,0,0,0,0,0,0,0,0,0,0,0,0,0,0,0,0,0,0,0,0,0,0,0,0
111,90601,83,5.506024096385542,229.6867469879518,340.37915517491655,44,38,1,0,0,0,4,5,6,6,16,24,19,3,0,0,0,0,0,0,0,0,0,0,0,0,0,0,0,0,0,0,0,0,0,0,0,0,0,0,0,0,0,0,0,1,0,0,0,0,0
10,90012,608,6.0074013157894735,456.0444078947368,720.8201907678324,292,283,29,4,0,3,2,18,26,60,138,239,92,30,0,0,1,0,0,0,0,0,0,0,0,0,0,0,0,0,0,0,0,0,0,0,0,0,0,0,0,0,0,0,0,0,0,0,0,0,0
185,91302,54,6.2407407407407405,255.2037037037037,415.88751714677636,22,30,2,0,0,0,0,2,3,10,11,15,7,6,0,0,0,0,0,0,0,0,0,0,0,0,0,0,0,0,0,0,0,0,1,0,0,0,0,0,0,0,0,0,0,0,0,0,0,0,0
69,90230,182,4.618131868131868,307.8131868131868,409.29006158676486,122,60,0,0,0,0,1,14,18,37,50,38,18,6,0,0,0,0,0,0,0,0,0,0,1,0,0,0,0,0,0,0,0,0,0,0,0,0,0,0,0,0,0,0,0,0,0,0,0,0,0
97,90302,90,5.188888888888889,145.9111111111111,207.51802469135802,54,34,2,0,0,0,8,6,8,8,18,18,16,8,0,0,0,0,0,0,0,0,0,0,0,0,0,0,0,0,0,0,0,0,0,0,0,0,0,0,0,0,0,0,0,0,1,0,0,0,0
165,91040,45,4.733333333333333,124.4888888888889,163.21876543209876,31,14,0,0,0,1,1,3,6,5,6,12,10,1,0,0,0,0,0,0,0,0,0,0,0,0,0,0,0,0,0,0,0,0,0,0,0,0,0,1,0,0,0,0,0,0,0,0,0,0,0
68,90222,33,4.106060606060606,48.96969696969697,59.35720844811754,26,7,0,0,0,0,0,3,7,4,3,9,6,1,0,0,0,0,0,0,0,0,0,0,0,0,0,0,0,0,0,0,0,0,0,0,0,0,0,0,0,0,0,1,0,0,0,0,0,0,0
23,90025,418,6.208133971291866,350.4736842105263,577.6946612943842,176,220,15,7,0,0,2,8,28,44,114,163,48,11,0,0,0,0,0,0,0,0,0,0,0,0,0,0,0,0,0,0,0,0,0,0,0,0,0,0,0,0,0,0,0,0,0,0,1,0,0
37,90040,138,4.217391304347826,101.57971014492753,132.49527410207938,98,38,2,0,0,0,2,14,24,34,26,16,18,4,0,0,0,0,0,0,0,0,0,0,0,0,0,0,1,0,0,0,0,0,0,0,0,0,0,0,0,0,0,0,0,0,0,0,0,0,0
237,91701,1,7.0,993.0,1986.0,0,1,0,0,0,0,0,0,0,0,1,0,0,0,0,0,0,0,0,0,0,0,0,0,0,0,0,0,0,0,0,0,1,0,0,0,0,0,0,0,0,0,0,0,0,0,0,0,0,0,0
67,90221,80,3.96875,42.25,46.475,72,8,0,0,0,0,5,6,4,10,19,17,11,8,0,0,0,0,0,0,0,0,0,0,0,0,0,0,0,0,0,0,0,0,0,0,0,0,0,0,0,0,0,1,0,0,0,0,0,0,0
262,91770,163,4.610429447852761,206.78527607361963,271.4849636794761,112,51,0,0,0,1,0,12,11,29,47,41,21,1,0,0,0,0,0,0,0,0,0,0,0,0,0,0,0,0,0,0,0,1,0,0,0,0,0,0,0,0,0,0,0,0,0,0,0,0,0
208,91356,113,6.977876106194691,273.4424778761062,479.129297517425,41,61,9,2,0,0,0,3,8,9,17,34,33,9,0,0,0,0,0,0,0,0,0,0,0,0,0,0,0,0,0,0,0,0,1,0,0,0,0,0,0,0,0,0,0,0,0,0,0,0,0
125,90660,170,4.385294117647059,113.17647058823529,142.46920415224912,128,40,2,0,0,0,5,11,22,24,33,46,23,6,0,0,0,0,0,0,0,0,0,0,0,0,0,0,0,0,0,0,0,0,0,0,0,0,0,0,0,0,0,0,0,1,0,0,0,0,0
182,91210,95,5.4526315789473685,403.7263157894737,633.2128531855956,41,54,0,0,0,0,0,3,6,26,26,30,2,2,0,0,0,0,0,0,0,0,0,0,0,0,1,0,0,0,0,0,0,0,0,0,0,0,0,0,0,0,0,0,0,0,0,0,0,0,0
86,90272,60,6.733333333333333,121.76666666666667,211.06222222222223,21,34,5,0,0,0,0,2,4,5,12,20,12,5,0,0,0,0,0,0,0,0,0,0,0,0,0,0,0,0,0,0,0,0,0,0,0,0,0,0,0,0,0,0,0,0,0,0,1,0,0
277,92336,2,9.0,45.0,90.0,0,2,0,0,0,0,0,0,0,0,0,0,2,0,0,0,0,0,0,0,0,0,0,1,0,0,0,0,0,0,0,0,0,0,0,0,0,0,0,0,0,0,0,0,0,0,0,0,0,0,0
314,93532,3,7.666666666666667,67.0,111.66666666666667,1,2,0,0,0,0,0,0,0,0,0,0,2,1,0,0,0,0,0,0,0,0,0,0,0,0,0,0,0,0,0,0,0,0,0,0,0,1,0,0,0,0,0,0,0,0,0,0,0,0,0
278,92345,1,5.0,28.0,28.0,1,0,0,0,0,0,0,0,0,0,0,0,0,1,0,0,0,0,0,0,0,0,0,0,0,0,0,0,0,0,0,0,0,0,0,0,0,0,0,0,0,0,1,0,0,0,0,0,0,0,0
145,90802,236,6.298728813559322,385.3686440677966,656.4330293019246,82,143,10,1,0,0,2,12,15,22,60,76,40,9,0,0,0,0,0,0,0,0,1,0,0,0,0,0,0,0,0,0,0,0,0,0,0,0,0,0,0,0,0,0,0,0,0,0,0,0,0
295,92707,4,5.5,68.0,85.0,3,1,0,0,0,0,0,0,0,0,0,2,1,1,0,0,0,1,0,0,0,0,0,0,0,0,0,0,0,0,0,0,0,0,0,0,0,0,0,0,0,0,0,0,0,0,0,0,0,0,0
147,90804,112,4.714285714285714,248.49107142857142,319.48852040816325,81,30,1,0,0,0,0,10,9,10,29,34,20,0,0,0,0,0,0,0,0,0,1,0,0,0,0,0,0,0,0,0,0,0,0,0,0,0,0,0,0,0,0,0,0,0,0,0,0,0,0
268,91786,36,5.513888888888889,162.97222222222223,235.40432098765433,21,14,1,0,0,0,2,2,1,5,5,12,5,4,0,0,0,0,0,0,0,0,0,0,0,0,0,0,0,0,0,0,0,0,0,1,0,0,0,0,0,0,0,0,0,0,0,0,0,0,0
239,91706,161,4.083850931677019,91.6583850931677,109.8762007638594,129,32,0,0,0,2,7,14,16,31,23,37,25,6,0,0,0,0,0,0,0,0,0,0,0,0,0,0,0,0,0,0,0,0,0,0,0,0,0,0,0,1,0,0,0,0,0,0,0,0,0
211,91364,133,6.469924812030075,277.8045112781955,463.7037707049579,48,82,2,1,0,0,0,2,5,11,31,55,23,6,0,0,0,0,0,0,0,0,0,0,0,0,0,0,0,0,0,0,0,0,1,0,0,0,0,0,0,0,0,0,0,0,0,0,0,0,0
129,90706,158,4.525316455696203,180.22784810126583,226.9958340009614,117,41,0,0,0,1,2,14,13,21,21,53,28,5,0,0,0,0,0,0,0,0,0,0,0,0,0,0,0,0,0,0,1,0,0,0,0,0,0,0,0,0,0,0,0,0,0,0,0,0,0
38,90041,230,5.55,296.2739130434783,437.9701323251418,120,110,0,0,0,0,4,14,22,19,35,71,59,6,0,0,0,0,0,0,0,0,0,0,0,0,1,0,0,0,0,0,0,0,0,0,0,0,0,0,0,0,0,0,0,0,0,0,0,0,0
228,91504,53,4.89622641509434,214.45283018867926,295.3784264862941,33,20,0,0,0,0,1,5,9,7,5,13,10,3,0,0,0,0,0,0,0,0,0,0,0,0,0,0,0,0,0,0,0,0,0,0,0,0,0,1,0,0,0,0,0,0,0,0,0,0,0
197,91335,142,4.556338028169014,166.66197183098592,210.08797857567944,105,37,0,0,0,0,3,11,18,14,26,40,24,6,0,0,0,0,0,0,0,0,0,0,0,0,0,0,0,0,0,0,0,0,1,0,0,0,0,0,0,0,0,0,0,0,0,0,0,0,0
313,93510,16,5.78125,78.375,122.4609375,7,9,0,0,0,0,0,1,2,2,1,8,2,0,0,0,0,0,0,0,0,0,0,0,0,0,0,0,0,0,0,0,0,0,0,0,0,0,0,0,0,0,0,0,0,0,0,1,0,0,0
112,90602,57,5.315789473684211,226.43859649122808,333.6989843028624,30,27,0,0,0,0,1,6,5,7,8,15,13,2,0,0,0,0,0,0,0,0,0,0,0,0,0,0,0,0,0,0,0,0,0,0,0,0,0,0,0,0,0,0,0,1,0,0,0,0,0
196,91331,123,3.959349593495935,70.1219512195122,81.52389450723776,104,18,1,0,0,1,7,14,11,19,22,26,19,4,0,0,0,0,0,1,0,0,0,0,0,0,0,0,0,0,0,0,0,0,0,0,0,0,0,0,0,0,0,0,0,0,0,0,0,0,0
117,90620,29,4.431034482758621,217.10344827586206,284.48038049940544,20,9,0,0,0,0,0,3,6,5,4,8,3,0,0,0,0,0,0,0,0,0,0,0,0,0,0,0,0,0,0,0,1,0,0,0,0,0,0,0,0,0,0,0,0,0,0,0,0,0,0
303,92832,2,4.75,11.5,11.5,2,0,0,0,0,0,0,0,0,0,0,0,1,1,0,0,0,0,0,0,0,0,0,0,0,0,0,0,0,0,0,0,0,0,0,0,1,0,0,0,0,0,0,0,0,0,0,0,0,0,0
316,93535,54,3.8055555555555554,46.092592592592595,55.481824417009605,43,11,0,0,0,1,3,13,5,8,8,9,4,3,0,0,0,0,0,0,0,0,0,0,0,1,0,0,0,0,0,0,0,0,0,0,0,0,0,0,0,0,0,0,0,0,0,0,0,0,0
297,92801,1,8.0,13.0,26.0,0,1,0,0,0,0,0,0,0,0,0,1,0,0,0,0,0,0,0,0,0,0,0,0,0,0,0,0,0,0,0,0,0,0,0,0,1,0,0,0,0,0,0,0,0,0,0,0,0,0,0
180,91207,4,6.5,143.5,215.25,2,2,0,0,0,0,0,0,0,0,1,0,3,0,0,0,0,0,0,0,0,0,0,0,0,0,1,0,0,0,0,0,0,0,0,0,0,0,0,0,0,0,0,0,0,0,0,0,0,0,0
265,91776,166,5.274096385542169,343.66265060240966,503.0724343155756,94,67,5,0,0,1,3,4,11,22,46,56,21,2,0,0,0,0,0,0,0,0,0,0,0,0,0,0,0,0,0,0,0,1,0,0,0,0,0,0,0,0,0,0,0,0,0,0,0,0,0
154,90814,42,6.059523809523809,500.04761904761904,738.1655328798187,22,20,0,0,0,0,0,0,0,1,10,15,15,1,0,0,0,0,0,0,0,0,1,0,0,0,0,0,0,0,0,0,0,0,0,0,0,0,0,0,0,0,0,0,0,0,0,0,0,0,0
286,92626,3,8.666666666666666,51.666666666666664,120.55555555555556,1,0,2,0,0,0,0,0,0,0,2,0,0,1,0,0,0,1,0,0,0,0,0,0,0,0,0,0,0,0,0,0,0,0,0,0,0,0,0,0,0,0,0,0,0,0,0,0,0,0,0
2,90003,142,3.887323943661972,35.859154929577464,42.929974211465975,120,18,2,2,0,4,14,20,14,14,18,20,20,18,0,0,0,0,0,0,0,0,0,0,0,0,0,0,0,0,0,0,0,0,0,0,0,0,0,0,0,0,0,1,0,0,0,0,0,0,0
115,90605,76,4.342105263157895,151.85526315789474,195.81336565096953,56,19,0,1,0,1,1,10,9,12,15,22,4,2,0,0,0,0,0,0,0,0,0,0,0,0,0,0,0,0,0,0,0,0,0,0,0,0,0,0,0,0,0,0,0,1,0,0,0,0,0
168,91103,72,6.208333333333333,478.3888888888889,777.3819444444445,29,41,2,0,0,0,1,1,7,5,13,27,16,2,0,0,0,0,0,0,0,0,0,0,0,0,0,0,0,0,0,0,0,1,0,0,0,0,0,0,0,0,0,0,0,0,0,0,0,0,0
206,91354,23,6.130434782608695,198.0,309.9130434782609,11,11,1,0,0,0,0,1,0,3,4,8,3,4,1,0,0,0,0,0,0,0,0,0,0,0,0,0,0,0,0,0,0,0,0,0,0,0,0,0,0,0,0,0,0,0,0,0,0,0,0
120,90630,46,5.195652173913044,255.02173913043478,360.35680529300566,27,19,0,0,0,1,0,2,7,2,8,10,15,1,0,0,0,0,0,0,0,0,0,0,0,0,0,0,0,0,0,0,1,0,0,0,0,0,0,0,0,0,0,0,0,0,0,0,0,0,0
249,91741,35,5.557142857142857,181.14285714285714,263.95102040816323,19,16,0,0,0,0,0,2,3,4,4,10,11,1,0,0,0,0,0,0,0,0,0,0,0,0,0,1,0,0,0,0,0,0,0,0,0,0,0,0,0,0,0,0,0,0,0,0,0,0,0
284,92606,1,4.5,620.0,620.0,1,0,0,0,0,0,0,0,0,0,0,0,1,0,0,0,0,1,0,0,0,0,0,0,0,0,0,0,0,0,0,0,0,0,0,0,0,0,0,0,0,0,0,0,0,0,0,0,0,0,0
127,90701,147,5.503401360544218,325.01360544217687,484.2039428016105,75,72,0,0,0,1,2,12,11,11,28,48,30,4,0,0,0,0,0,0,0,0,0,0,0,0,0,0,0,0,0,0,1,0,0,0,0,0,0,0,0,0,0,0,0,0,0,0,0,0,0
74,90245,137,5.481751824817518,246.28467153284672,372.1235547978049,70,64,3,0,0,0,0,4,8,34,31,47,12,1,0,0,0,0,0,0,0,0,0,0,0,0,0,0,0,0,0,0,0,0,0,0,0,0,0,0,0,0,0,0,0,0,1,0,0,0,0
29,90032,100,4.495,131.26,154.8868,82,18,0,0,0,0,3,3,5,10,20,25,26,8,0,0,0,0,0,0,0,0,0,0,0,0,0,0,1,0,0,0,0,0,0,0,0,0,0,0,0,0,0,0,0,0,0,0,0,0,0
83,90265,61,7.409836065573771,534.4754098360655,1068.950819672131,16,34,6,5,0,0,0,4,3,11,10,24,8,1,0,0,0,0,0,0,0,1,0,0,0,0,0,0,0,0,0,0,0,0,0,0,0,0,0,0,0,0,0,0,0,0,0,0,0,0,0
272,91792,71,4.253521126760563,136.45070422535213,165.27831779408848,56,15,0,0,0,0,5,5,6,7,15,21,12,0,0,1,0,0,0,0,0,0,0,0,0,0,0,0,0,0,0,0,0,0,0,0,0,0,0,0,0,0,0,0,0,0,0,0,0,0,0
107,90502,40,4.7125,99.45,139.23,27,11,1,1,0,0,1,3,10,5,9,7,5,0,0,0,0,0,0,0,0,0,0,0,0,0,0,0,0,0,1,0,0,0,0,0,0,0,0,0,0,0,0,0,0,0,0,0,0,0,0
234,91605,117,5.230769230769231,148.4188034188034,208.0400321425962,75,39,1,2,0,1,5,5,15,11,18,30,22,10,0,0,0,0,0,0,0,0,0,0,0,0,0,0,0,0,0,0,0,0,0,0,0,0,0,1,0,0,0,0,0,0,0,0,0,0,0
184,91301,65,6.569230769230769,237.5076923076923,409.2440236686391,19,45,1,0,0,0,0,4,5,6,12,20,15,3,0,0,0,0,0,0,0,1,0,0,0,0,0,0,0,0,0,0,0,0,0,0,0,0,0,0,0,0,0,0,0,0,0,0,0,0,0
133,90715,31,5.0,142.70967741935485,197.952133194589,19,12,0,0,0,0,1,3,3,6,5,5,7,1,0,0,0,0,0,0,0,0,0,0,0,0,0,0,0,0,0,0,1,0,0,0,0,0,0,0,0,0,0,0,0,0,0,0,0,0,0
223,91411,40,5.075,171.25,239.74999999999997,24,16,0,0,0,0,2,3,4,2,7,14,6,2,0,0,0,0,0,0,0,0,0,0,0,0,0,0,0,0,0,0,0,0,0,0,0,0,0,0,0,0,0,0,0,0,0,0,0,1,0
255,91754,213,5.133802816901408,315.7323943661972,459.51663029822123,117,95,1,0,0,0,2,9,13,44,57,72,16,0,0,0,0,0,0,0,0,0,0,0,0,0,0,0,1,0,0,0,0,0,0,0,0,0,0,0,0,0,0,0,0,0,0,0,0,0,0
302,92807,2,9.0,183.0,366.0,0,2,0,0,0,0,0,0,0,0,0,0,2,0,0,0,0,1,0,0,0,0,0,0,0,0,0,0,0,0,0,0,0,0,0,0,0,0,0,0,0,0,0,0,0,0,0,0,0,0,0
65,90212,156,8.557692307692308,293.96794871794873,648.2370151216306,28,82,32,14,0,0,2,2,4,16,36,62,30,4,0,0,0,0,0,0,0,0,0,0,0,0,0,0,0,0,0,0,0,0,0,0,0,0,0,0,0,0,0,0,1,0,0,0,0,0,0
232,91602,87,6.637931034482759,401.264367816092,677.9984145858106,30,54,3,0,0,1,0,2,7,5,11,36,23,2,0,0,0,0,0,0,0,0,0,0,0,0,0,0,0,0,0,0,0,0,0,0,0,0,0,1,0,0,0,0,0,0,0,0,0,0,0
85,90270,118,3.957627118644068,74.85593220338983,90.08086756679114,94,24,0,0,0,0,8,12,24,14,12,22,18,8,0,0,0,0,0,0,0,0,0,0,0,0,0,0,1,0,0,0,0,0,0,0,0,0,0,0,0,0,0,0,0,0,0,0,0,0,0
186,91303,127,4.78740157480315,193.0708661417323,261.48180296360596,85,40,1,1,0,0,2,9,17,20,20,36,18,5,0,0,0,0,0,0,0,0,0,0,0,0,0,0,0,0,0,0,0,0,1,0,0,0,0,0,0,0,0,0,0,0,0,0,0,0,0
306,92843,1,5.0,115.0,115.0,1,0,0,0,0,0,0,0,0,0,0,0,0,1,0,0,0,0,0,0,0,0,0,0,0,0,0,0,0,0,0,0,0,0,0,0,1,0,0,0,0,0,0,0,0,0,0,0,0,0,0
159,91010,53,4.726415094339623,123.77358490566037,165.80989676041295,35,18,0,0,0,0,0,6,5,9,13,12,7,1,0,0,0,0,0,0,0,0,0,0,0,0,0,0,0,0,0,0,0,0,0,0,0,0,0,0,0,1,0,0,0,0,0,0,0,0,0
12,90014,145,6.696551724137931,356.19310344827585,596.9305112960761,58,79,5,3,0,0,1,3,1,9,27,52,47,5,0,0,1,0,0,0,0,0,0,0,0,0,0,0,0,0,0,0,0,0,0,0,0,0,0,0,0,0,0,0,0,0,0,0,0,0,0
35,90038,181,7.259668508287293,466.56906077348066,860.9616922560361,67,86,17,11,0,0,2,5,14,8,35,72,37,8,0,0,0,0,0,0,0,0,0,0,0,0,0,0,0,0,0,0,0,0,0,0,0,0,0,0,0,0,0,0,1,0,0,0,0,0,0
28,90031,121,4.632231404958677,154.76859504132233,189.30373608360085,94,27,0,0,0,1,2,14,0,12,19,30,35,8,0,0,0,0,0,0,0,0,0,0,0,0,0,0,1,0,0,0,0,0,0,0,0,0,0,0,0,0,0,0,0,0,0,0,0,0,0
170,91105,129,7.038759689922481,552.9922480620155,998.8154558019351,35,85,8,1,0,0,0,0,8,9,21,60,29,2,0,0,0,0,0,0,0,0,0,0,0,0,0,0,0,0,0,0,0,1,0,0,0,0,0,0,0,0,0,0,0,0,0,0,0,0,0
142,90745,127,4.15748031496063,132.17322834645668,164.43598487196974,97,29,1,0,0,0,4,15,20,18,30,21,18,1,0,0,0,0,0,0,0,0,0,0,0,0,0,0,0,0,0,0,0,0,0,0,0,0,0,0,1,0,0,0,0,0,0,0,0,0,0
224,91423,98,6.448979591836735,323.7142857142857,551.6355685131196,34,60,3,1,0,0,1,4,7,10,20,34,19,3,0,0,0,0,0,0,0,0,0,0,0,0,0,0,0,0,0,0,0,0,0,0,0,0,0,0,0,0,0,0,0,0,0,0,0,1,0
131,90712,112,4.892857142857143,223.77678571428572,323.67713647959187,64,47,0,1,0,0,1,10,18,26,21,19,13,4,0,0,0,0,0,0,0,0,1,0,0,0,0,0,0,0,0,0,0,0,0,0,0,0,0,0,0,0,0,0,0,0,0,0,0,0,0
198,91340,105,4.557142857142857,114.6952380952381,150.74231292517007,73,31,1,0,0,1,8,7,13,9,21,24,17,5,0,0,0,0,0,1,0,0,0,0,0,0,0,0,0,0,0,0,0,0,0,0,0,0,0,0,0,0,0,0,0,0,0,0,0,0,0
51,90061,68,4.367647058823529,24.75,30.573529411764707,52,16,0,0,0,0,4,10,4,14,8,10,8,10,0,0,0,0,0,0,0,0,0,0,0,0,0,0,0,0,0,0,0,0,0,0,0,0,0,0,0,0,0,1,0,0,0,0,0,0,0
95,90293,38,6.5,311.9736842105263,525.4293628808864,14,22,2,0,0,0,0,0,0,5,7,21,3,2,0,0,0,0,0,0,0,0,0,0,1,0,0,0,0,0,0,0,0,0,0,0,0,0,0,0,0,0,0,0,0,0,0,0,0,0,0
245,91731,97,4.262886597938144,113.02061855670104,139.81932192581573,75,21,1,0,0,0,3,12,4,14,23,25,13,3,0,0,0,0,0,0,0,0,0,0,0,0,0,0,0,0,0,0,0,0,0,0,0,0,0,0,0,1,0,0,0,0,0,0,0,0,0
178,91205,222,5.743243243243243,246.518018018018,369.77702702702703,121,93,6,2,0,0,2,6,14,36,32,77,49,6,0,0,0,0,0,0,0,0,0,0,0,0,1,0,0,0,0,0,0,0,0,0,0,0,0,0,0,0,0,0,0,0,0,0,0,0,0
123,90640,233,4.540772532188841,121.29184549356223,156.69032400670486,165,68,0,0,0,1,5,17,26,27,51,64,31,11,0,0,0,0,0,0,0,0,0,0,0,0,0,0,1,0,0,0,0,0,0,0,0,0,0,0,0,0,0,0,0,0,0,0,0,0,0
41,90044,115,3.5869565217391304,35.07826086956522,39.9587145557656,99,16,0,0,0,0,20,10,17,6,24,18,12,8,0,0,0,0,0,0,0,0,0,0,0,0,0,0,0,0,0,0,0,0,0,0,0,0,0,0,0,0,0,1,0,0,0,0,0,0,0
89,90277,196,6.538265306122449,331.83673469387753,563.7838400666388,70,116,9,1,0,0,1,3,10,15,45,66,49,7,0,0,0,0,0,0,0,0,0,0,0,0,0,0,0,0,1,0,0,0,0,0,0,0,0,0,0,0,0,0,0,0,0,0,0,0,0
256,91755,45,5.0,252.55555555555554,359.1901234567901,26,19,0,0,0,0,0,4,4,6,13,11,5,2,0,0,0,0,0,0,0,0,0,0,0,0,0,0,0,0,0,0,0,1,0,0,0,0,0,0,0,0,0,0,0,0,0,0,0,0,0
136,90720,57,5.394736842105263,265.6666666666667,382.18713450292404,33,23,1,0,0,0,0,2,6,6,8,22,12,1,0,0,0,0,0,0,0,0,0,0,0,0,0,0,0,0,0,0,1,0,0,0,0,0,0,0,0,0,0,0,0,0,0,0,0,0,0
26,90028,471,6.083864118895966,342.46072186836517,584.5826335077826,182,249,36,4,0,1,13,17,37,75,117,136,72,3,0,0,0,0,0,0,0,0,0,0,0,0,0,0,0,0,0,0,0,0,0,0,0,0,0,0,0,0,0,0,1,0,0,0,0,0,0
321,93552,32,3.328125,73.375,82.546875,28,4,0,0,0,0,2,6,6,8,3,3,4,0,0,0,0,0,0,0,0,0,0,0,0,0,0,0,0,0,0,0,0,0,0,0,0,0,0,0,0,0,0,0,0,0,0,1,0,0,0
141,90744,98,4.076530612244898,57.52040816326531,63.97678050812162,87,11,0,0,0,1,3,6,8,18,4,30,20,8,0,0,0,0,0,0,0,0,0,0,0,0,0,0,0,0,0,0,0,0,0,0,0,0,0,0,1,0,0,0,0,0,0,0,0,0,0
283,92602,3,5.0,31.333333333333332,41.77777777777777,2,1,0,0,0,0,0,0,0,0,2,1,0,0,0,0,0,0,0,0,0,0,0,0,0,0,0,0,0,0,0,0,1,0,0,0,0,0,0,0,0,0,0,0,0,0,0,0,0,0,0
0,90001,178,4.735955056179775,50.12921348314607,64.21045322560283,128,50,0,0,0,0,8,16,18,17,26,36,33,24,0,0,0,0,0,0,0,0,0,0,0,0,0,0,0,0,0,0,0,0,0,0,0,0,0,0,0,0,0,1,0,0,0,0,0,0,0
294,92704,1,9.0,60.0,120.0,0,1,0,0,0,0,0,0,0,0,0,0,1,0,0,0,0,0,0,0,0,0,0,0,0,0,0,0,0,0,0,0,0,0,0,0,1,0,0,0,0,0,0,0,0,0,0,0,0,0,0
281,92407,1,4.0,5.0,5.0,1,0,0,0,0,0,0,0,0,0,0,1,0,0,0,0,0,0,0,0,0,0,0,1,0,0,0,0,0,0,0,0,0,0,0,0,0,0,0,0,0,0,0,0,0,0,0,0,0,0,0
298,92802,2,7.0,39.5,79.0,0,2,0,0,0,0,0,0,1,0,0,0,1,0,0,0,0,0,0,0,0,0,0,0,0,0,0,0,0,0,0,0,0,0,0,1,0,0,0,0,0,0,0,0,0,0,0,0,0,0,0
100,90305,30,5.166666666666667,67.76666666666667,99.3911111111111,16,14,0,0,0,0,2,2,2,6,4,6,2,6,0,0,0,0,0,0,0,0,0,0,0,0,0,0,0,0,0,0,0,0,0,0,0,0,0,0,0,0,0,0,0,0,1,0,0,0,0
192,91321,85,5.429411764705883,181.72941176470587,265.1111418685121,46,39,0,0,0,0,3,8,3,8,20,22,18,3,1,0,0,0,0,0,0,0,0,0,0,0,0,0,0,0,0,0,0,0,0,0,0,0,0,0,0,0,0,0,0,0,0,0,0,0,0
282,92501,1,5.0,579.0,1158.0,0,1,0,0,0,0,0,0,1,0,0,0,0,0,0,0,0,0,0,0,0,0,0,0,0,0,0,0,0,0,0,0,0,0,0,0,0,0,0,1,0,0,0,0,0,0,0,0,0,0,0
213,91377,7,6.214285714285714,154.85714285714286,243.3469387755102,3,4,0,0,0,0,0,0,0,1,0,4,2,0,0,0,0,0,0,0,0,1,0,0,0,0,0,0,0,0,0,0,0,0,0,0,0,0,0,0,0,0,0,0,0,0,0,0,0,0,0
103,90403,67,8.022388059701493,417.6268656716418,916.2858097571842,7,47,6,7,0,0,0,2,2,7,24,28,4,0,0,0,0,0,0,0,0,0,0,0,0,0,0,0,0,0,0,0,0,0,0,0,0,0,0,0,0,0,0,0,0,0,0,0,1,0,0
171,91106,65,5.584615384615384,385.7230769230769,587.4859171597633,37,23,4,1,0,0,0,4,4,9,14,24,10,0,0,0,0,0,0,0,0,0,0,0,0,0,0,0,0,0,0,0,0,1,0,0,0,0,0,0,0,0,0,0,0,0,0,0,0,0,0
98,90303,98,3.8622448979591835,86.41836734693878,115.51842982090797,65,33,0,0,0,0,10,21,16,20,16,10,4,1,0,0,0,0,0,0,0,0,0,0,0,0,0,0,0,0,0,0,0,0,0,0,0,0,0,0,0,0,0,0,0,0,1,0,0,0,0
36,90039,170,6.188235294117647,420.81176470588235,673.2988235294118,74,90,6,0,0,0,0,0,6,20,38,70,32,4,0,0,0,0,0,0,0,0,0,0,0,0,1,0,0,0,0,0,0,0,0,0,0,0,0,0,0,0,0,0,0,0,0,0,0,0,0
246,91732,82,4.085365853658536,99.32926829268293,116.2879238548483,68,14,0,0,0,0,5,8,7,9,12,18,19,4,0,0,0,0,0,0,0,0,0,0,0,0,0,0,0,0,0,0,0,0,0,0,0,0,0,0,0,1,0,0,0,0,0,0,0,0,0
61,90094,39,7.089743589743589,287.0,522.4871794871794,7,32,0,0,0,0,0,0,0,0,20,12,3,4,0,0,0,0,0,0,0,0,0,0,1,0,0,0,0,0,0,0,0,0,0,0,0,0,0,0,0,0,0,0,0,0,0,0,0,0,0
150,90807,120,5.583333333333333,249.03333333333333,371.4747222222222,61,59,0,0,0,0,2,4,8,16,29,36,21,4,0,0,0,0,0,0,0,0,1,0,0,0,0,0,0,0,0,0,0,0,0,0,0,0,0,0,0,0,0,0,0,0,0,0,0,0,0
47,90056,15,6.1,169.2,259.44,7,8,0,0,0,0,0,2,0,2,3,3,3,2,0,0,0,0,0,0,0,0,0,0,0,0,0,0,0,0,0,0,0,0,0,0,0,0,0,0,0,0,0,0,0,0,1,0,0,0,0
238,91702,124,4.338709677419355,134.08870967741936,163.28544484911552,97,27,0,0,0,0,2,9,15,17,24,34,20,3,0,0,0,0,0,0,0,0,0,0,0,0,0,1,0,0,0,0,0,0,0,0,0,0,0,0,0,0,0,0,0,0,0,0,0,0,0
271,91791,71,4.73943661971831,306.3943661971831,427.2259472326919,43,28,0,0,0,0,1,5,7,16,19,19,4,0,0,0,0,0,0,0,0,0,0,0,0,0,0,1,0,0,0,0,0,0,0,0,0,0,0,0,0,0,0,0,0,0,0,0,0,0,0
11,90013,360,7.036111111111111,557.4,964.6116666666667,122,220,11,7,0,0,1,0,2,24,52,156,100,25,0,0,1,0,0,0,0,0,0,0,0,0,0,0,0,0,0,0,0,0,0,0,0,0,0,0,0,0,0,0,0,0,0,0,0,0,0
324,93591,7,3.7142857142857144,31.285714285714285,31.285714285714285,7,0,0,0,0,0,0,0,0,2,1,3,1,0,0,0,0,0,1,0,0,0,0,0,0,0,0,0,0,0,0,0,0,0,0,0,0,0,0,0,0,0,0,0,0,0,0,0,0,0,0
200,91343,72,4.083333333333333,92.125,113.87673611111111,56,15,1,0,0,1,1,9,14,10,14,13,9,1,0,0,0,0,0,1,0,0,0,0,0,0,0,0,0,0,0,0,0,0,0,0,0,0,0,0,0,0,0,0,0,0,0,0,0,0,0
311,93436,3,8.0,92.33333333333333,184.66666666666666,0,3,0,0,0,0,0,0,0,0,1,1,1,0,0,0,0,0,0,1,0,0,0,0,0,0,0,0,0,0,0,0,0,0,0,0,0,0,0,0,0,0,0,0,0,0,0,0,0,0,0
27,90029,224,5.388392857142857,285.4017857142857,397.5239158163265,142,78,2,2,0,0,2,12,9,15,41,83,54,8,0,0,1,0,0,0,0,0,0,0,0,0,0,0,0,0,0,0,0,0,0,0,0,0,0,0,0,0,0,0,0,0,0,0,0,0,0
258,91765,97,4.917525773195877,169.63917525773195,229.10032947178235,63,34,0,0,0,0,1,4,11,15,23,24,15,4,0,0,0,0,0,0,0,0,0,0,0,0,0,0,0,0,0,0,0,0,0,1,0,0,0,0,0,0,0,0,0,0,0,0,0,0,0
230,91506,63,5.4603174603174605,256.1587301587302,370.00705467372137,35,28,0,0,0,0,1,4,1,9,12,22,12,2,0,0,0,0,0,0,0,0,0,0,0,0,0,0,0,0,0,0,0,0,0,0,0,0,0,1,0,0,0,0,0,0,0,0,0,0,0
233,91604,179,7.122905027932961,432.6256983240223,783.0766829999063,50,117,8,4,0,0,0,0,11,12,34,77,41,4,0,0,0,0,0,0,0,0,0,0,0,0,0,0,0,0,0,0,0,0,0,0,0,0,0,1,0,0,0,0,0,0,0,0,0,0,0
4,90005,231,6.233766233766234,385.68398268398266,634.4584996533048,85,143,3,0,0,2,2,4,7,31,40,98,45,2,0,0,1,0,0,0,0,0,0,0,0,0,0,0,0,0,0,0,0,0,0,0,0,0,0,0,0,0,0,0,0,0,0,0,0,0,0
122,90638,103,4.684466019417476,160.48543689320388,218.13554529173345,68,33,2,0,0,2,5,5,12,12,23,27,14,3,0,0,0,0,0,0,0,0,0,0,0,0,0,0,0,0,0,0,0,0,0,0,0,0,0,0,0,0,0,0,0,1,0,0,0,0,0
32,90035,216,6.3657407407407405,203.91203703703704,354.9579903978052,72,132,8,4,0,0,6,10,17,22,55,59,41,6,0,0,0,0,0,0,0,0,0,0,0,0,0,0,0,0,0,0,0,0,0,0,0,0,0,0,0,0,0,0,1,0,0,0,0,0,0
240,91709,6,4.75,220.0,293.3333333333333,4,2,0,0,0,0,0,1,0,0,2,3,0,0,0,0,0,0,0,0,0,0,0,0,0,0,0,0,0,0,0,0,0,0,0,1,0,0,0,0,0,0,0,0,0,0,0,0,0,0,0
162,91020,45,6.588888888888889,324.9111111111111,548.7387654320987,14,31,0,0,0,0,0,1,2,2,10,21,8,1,0,0,0,0,0,0,0,0,0,0,0,0,1,0,0,0,0,0,0,0,0,0,0,0,0,0,0,0,0,0,0,0,0,0,0,0,0
247,91733,109,4.0504587155963305,89.71559633027523,104.53101590775186,91,18,0,0,0,0,4,6,13,17,25,25,15,4,0,0,0,0,0,0,0,0,0,0,0,0,0,0,0,0,0,0,0,0,0,0,0,0,0,0,0,1,0,0,0,0,0,0,0,0,0
280,92397,1,3.0,13.0,13.0,1,0,0,0,0,0,0,0,0,1,0,0,0,0,0,0,0,0,0,0,0,0,0,0,0,0,0,0,0,0,0,0,0,0,0,0,0,0,1,0,0,0,0,0,0,0,0,0,0,0,0
242,91722,94,4.531914893617022,155.9787234042553,202.4404708012675,67,26,1,0,0,1,2,9,11,13,15,22,15,6,0,0,0,0,0,0,0,0,0,0,0,0,0,1,0,0,0,0,0,0,0,0,0,0,0,0,0,0,0,0,0,0,0,0,0,0,0
138,90731,132,5.215909090909091,170.7651515151515,241.91729797979798,78,53,1,0,0,1,2,6,12,15,29,36,27,4,0,0,0,0,0,0,0,0,0,0,0,0,0,0,0,0,0,0,0,0,0,0,0,0,0,0,1,0,0,0,0,0,0,0,0,0,0
62,90201,311,4.2491961414791,75.33440514469453,94.22856463436068,237,70,4,0,0,2,14,28,47,35,54,75,44,12,0,0,0,0,0,0,0,0,0,0,0,0,0,0,1,0,0,0,0,0,0,0,0,0,0,0,0,0,0,0,0,0,0,0,0,0,0
215,91384,39,4.397435897435898,81.3076923076923,97.98619329388559,32,6,1,0,0,0,2,3,5,3,2,13,10,1,1,0,0,0,0,0,0,0,0,0,0,0,0,0,0,0,0,0,0,0,0,0,0,0,0,0,0,0,0,0,0,0,0,0,0,0,0
135,90717,74,5.5608108108108105,188.4189189189189,282.62837837837833,38,35,1,0,0,1,2,5,8,7,10,25,15,1,0,0,0,0,0,0,0,0,0,0,0,0,0,0,0,0,0,0,0,0,0,0,0,0,0,0,1,0,0,0,0,0,0,0,0,0,0
305,92841,3,6.833333333333333,143.33333333333334,238.8888888888889,1,2,0,0,0,0,0,0,0,0,0,2,1,0,0,0,0,0,0,0,0,0,0,0,0,0,0,0,0,0,0,0,0,0,0,0,1,0,0,0,0,0,0,0,0,0,0,0,0,0,0
128,90703,152,5.4243421052631575,427.82894736842104,650.187413434903,73,79,0,0,0,0,1,5,15,33,30,43,25,0,0,0,0,0,0,0,0,0,0,0,0,0,0,0,0,0,0,0,1,0,0,0,0,0,0,0,0,0,0,0,0,0,0,0,0,0,0
318,93543,8,3.6875,54.25,54.25,8,0,0,0,0,0,0,1,0,1,1,3,2,0,0,0,0,0,0,0,0,0,0,0,0,0,0,0,0,0,0,0,0,0,0,0,0,0,0,0,0,0,0,0,0,0,0,0,0,0,1
8,90010,238,5.796218487394958,312.84033613445376,473.2038697832074,121,112,5,0,0,1,1,4,16,22,46,91,53,4,0,0,1,0,0,0,0,0,0,0,0,0,0,0,0,0,0,0,0,0,0,0,0,0,0,0,0,0,0,0,0,0,0,0,0,0,0
70,90232,285,6.705263157894737,420.77894736842103,721.9680886426593,93,183,6,3,0,1,0,0,8,27,66,124,45,14,0,0,0,0,0,0,0,0,0,0,1,0,0,0,0,0,0,0,0,0,0,0,0,0,0,0,0,0,0,0,0,0,0,0,0,0,0
289,92651,2,9.0,63.0,126.0,0,2,0,0,0,0,0,0,0,0,0,0,2,0,0,0,0,1,0,0,0,0,0,0,0,0,0,0,0,0,0,0,0,0,0,0,0,0,0,0,0,0,0,0,0,0,0,0,0,0,0
64,90211,95,8.194736842105263,508.7263157894737,1060.2927423822714,26,44,16,9,0,1,0,0,4,10,16,38,18,8,0,0,0,0,0,0,0,0,0,0,0,0,0,0,0,0,0,0,0,0,0,0,0,0,0,0,0,0,0,0,1,0,0,0,0,0,0
44,90047,122,4.10655737704918,56.59016393442623,73.28890083310938,86,36,0,0,0,2,12,22,13,15,15,27,10,6,0,0,0,0,0,0,0,0,0,0,0,0,0,0,0,0,0,0,0,0,0,0,0,0,0,0,0,0,0,0,0,0,1,0,0,0,0
14,90016,112,4.258928571428571,110.05357142857143,145.4279336734694,76,36,0,0,0,0,8,24,12,15,14,26,7,6,0,0,0,0,0,0,0,0,0,0,0,0,0,0,0,0,0,0,0,0,0,0,0,0,0,0,0,0,0,0,1,0,0,0,0,0,0
156,91001,36,5.597222222222222,132.08333333333334,187.11805555555557,21,15,0,0,0,0,0,3,2,2,7,11,7,4,0,0,0,0,0,0,0,0,0,0,0,0,0,0,0,0,0,0,0,1,0,0,0,0,0,0,0,0,0,0,0,0,0,0,0,0,0
40,90043,85,4.311764705882353,152.1529411764706,200.48387543252596,60,23,2,0,0,0,10,5,6,18,21,19,6,0,0,0,0,0,0,0,0,0,0,0,0,0,0,0,0,0,0,0,0,0,0,0,0,0,0,0,0,0,0,0,0,0,1,0,0,0,0
301,92806,1,8.0,60.0,120.0,0,1,0,0,0,0,0,0,0,0,0,1,0,0,0,0,0,0,0,0,0,0,0,0,0,0,0,0,0,0,0,0,0,0,0,0,1,0,0,0,0,0,0,0,0,0,0,0,0,0,0
267,91784,6,5.75,140.33333333333334,210.5,3,3,0,0,0,0,0,0,0,1,0,4,1,0,0,0,0,0,0,0,0,0,0,0,0,0,0,0,0,0,0,0,0,0,0,1,0,0,0,0,0,0,0,0,0,0,0,0,0,0,0
216,91387,41,5.609756097560975,145.7560975609756,223.96668649613326,20,20,1,0,0,0,0,3,6,6,4,13,7,2,1,0,0,0,0,0,0,0,0,0,0,0,0,0,0,0,0,0,0,0,0,0,0,0,0,0,0,0,0,0,0,0,0,0,0,0,0
285,92612,2,7.5,12.0,18.0,1,1,0,0,0,0,0,0,0,0,0,0,0,2,0,0,0,1,0,0,0,0,0,0,0,0,0,0,0,0,0,0,0,0,0,0,0,0,0,0,0,0,0,0,0,0,0,0,0,0,0
236,91607,72,6.263888888888889,260.1111111111111,411.84259259259255,31,40,1,0,0,1,0,4,5,3,10,27,16,6,0,0,0,0,0,0,0,0,0,0,0,0,0,0,0,0,0,0,0,0,0,0,0,0,0,1,0,0,0,0,0,0,0,0,0,0,0
207,91355,192,5.390625,214.78125,336.71435546875,89,99,2,2,0,3,6,9,20,38,40,52,22,2,1,0,0,0,0,0,0,0,0,0,0,0,0,0,0,0,0,0,0,0,0,0,0,0,0,0,0,0,0,0,0,0,0,0,0,0,0
212,91367,100,6.455,320.55,544.9350000000001,37,58,3,2,0,0,0,2,5,19,22,38,7,7,0,0,0,0,0,0,0,0,0,0,0,0,0,0,0,0,0,0,0,0,1,0,0,0,0,0,0,0,0,0,0,0,0,0,0,0,0
299,92804,1,4.5,40.0,120.0,0,0,1,0,0,0,1,0,0,0,0,0,0,0,0,0,0,0,0,0,0,0,0,0,0,0,0,0,0,0,0,0,0,0,0,0,1,0,0,0,0,0,0,0,0,0,0,0,0,0,0
251,91745,118,5.0974576271186445,210.96610169491527,296.78282102844014,72,45,0,1,0,0,1,6,13,17,31,27,19,4,0,1,0,0,0,0,0,0,0,0,0,0,0,0,0,0,0,0,0,0,0,0,0,0,0,0,0,0,0,0,0,0,0,0,0,0,0
319,93550,94,4.196808510638298,72.26595744680851,93.02320054323224,67,27,0,0,0,0,12,10,11,15,16,12,13,5,0,0,0,0,0,0,0,0,0,0,0,0,0,0,0,0,0,0,0,0,0,0,0,0,0,0,0,0,0,0,0,0,0,1,0,0,0
269,91789,112,4.879464285714286,193.45535714285714,257.3647161989796,77,34,0,1,0,0,1,6,10,10,27,38,19,1,0,0,0,0,0,0,0,0,0,0,0,0,0,1,0,0,0,0,0,0,0,0,0,0,0,0,0,0,0,0,0,0,0,0,0,0,0
201,91344,112,5.316964285714286,255.98214285714286,381.68765943877554,60,49,3,0,0,0,4,8,17,11,21,27,18,6,0,0,0,0,0,1,0,0,0,0,0,0,0,0,0,0,0,0,0,0,0,0,0,0,0,0,0,0,0,0,0,0,0,0,0,0,0
161,91016,147,5.370748299319728,219.40816326530611,317.9179508538109,81,66,0,0,0,0,1,5,14,20,30,46,26,5,0,0,0,0,0,0,0,0,0,0,0,0,0,0,0,0,0,0,0,0,0,0,0,0,0,0,0,1,0,0,0,0,0,0,0,0,0
43,90046,408,6.901960784313726,414.6593137254902,734.8006956459054,125,253,28,2,0,2,0,9,16,25,86,160,87,23,0,0,0,0,0,0,0,0,0,0,0,0,0,0,0,0,0,0,0,0,0,0,0,0,0,0,0,0,0,0,1,0,0,0,0,0,0
217,91390,10,7.9,154.0,308.0,1,8,1,0,0,0,0,0,0,0,3,5,1,1,1,0,0,0,0,0,0,0,0,0,0,0,0,0,0,0,0,0,0,0,0,0,0,0,0,0,0,0,0,0,0,0,0,0,0,0,0
190,91311,89,4.932584269662922,189.3932584269663,263.87375331397556,54,35,0,0,0,0,2,8,7,16,12,27,13,4,0,0,0,0,0,0,0,0,0,0,0,0,0,0,0,0,0,0,0,0,1,0,0,0,0,0,0,0,0,0,0,0,0,0,0,0,0
259,91766,103,4.446601941747573,124.59223300970874,158.46196625506647,75,28,0,0,0,0,6,4,9,21,23,22,14,4,0,0,0,0,0,0,0,0,0,0,0,0,0,0,0,0,0,0,0,0,0,1,0,0,0,0,0,0,0,0,0,0,0,0,0,0,0
105,90405,218,6.33256880733945,335.39449541284404,558.477990068176,86,120,11,1,0,0,1,8,12,26,45,81,39,6,0,0,0,0,0,0,0,0,0,0,0,0,0,0,0,0,0,0,0,0,0,0,0,0,0,0,0,0,0,0,0,0,0,0,1,0,0
53,90063,170,4.317647058823529,70.39411764705882,84.47294117647058,136,34,0,0,0,0,10,16,8,14,25,54,33,10,0,0,0,0,0,0,0,0,0,0,0,0,0,0,1,0,0,0,0,0,0,0,0,0,0,0,0,0,0,0,0,0,0,0,0,0,0
1,90002,41,3.8048780487804876,28.463414634146343,31.24033313503867,37,4,0,0,0,0,6,8,2,0,2,11,6,6,0,0,0,0,0,0,0,0,0,0,0,0,0,0,0,0,0,0,0,0,0,0,0,0,0,0,0,0,0,1,0,0,0,0,0,0,0
49,90058,70,5.128571428571429,45.57142857142857,61.195918367346934,46,24,0,0,0,3,0,1,8,7,10,17,16,8,0,0,0,0,0,0,0,0,0,0,0,0,0,0,1,0,0,0,0,0,0,0,0,0,0,0,0,0,0,0,0,0,0,0,0,0,0
80,90255,351,4.4586894586894585,66.83475783475784,86.8280614605401,250,99,0,2,0,2,18,25,52,38,70,75,50,21,0,0,0,0,0,0,0,0,0,0,0,0,0,0,0,0,0,0,0,0,0,0,0,0,0,0,0,0,0,1,0,0,0,0,0,0,0
205,91352,83,4.807228915662651,91.13253012048193,121.87603425751198,57,25,0,1,0,2,4,5,10,7,12,21,13,9,0,0,0,0,0,0,0,0,0,0,0,0,0,0,0,0,0,0,0,0,0,0,0,0,0,1,0,0,0,0,0,0,0,0,0,0,0
34,90037,130,4.130769230769231,53.12307692307692,65.38224852071006,102,26,2,0,0,0,18,16,8,12,26,26,14,10,0,0,1,0,0,0,0,0,0,0,0,0,0,0,0,0,0,0,0,0,0,0,0,0,0,0,0,0,0,0,0,0,0,0,0,0,0
263,91773,91,5.170329670329671,201.9010989010989,288.43014128728413,54,35,2,0,0,0,0,6,8,14,29,18,10,6,0,0,0,0,0,0,0,0,0,0,0,0,0,1,0,0,0,0,0,0,0,0,0,0,0,0,0,0,0,0,0,0,0,0,0,0,0
91,90280,302,4.105960264900662,69.5728476821192,86.85087276873821,227,75,0,0,0,4,11,29,42,49,55,74,32,6,0,0,0,0,0,0,0,0,0,0,0,0,0,0,0,0,0,0,0,0,0,0,0,0,0,0,0,0,0,1,0,0,0,0,0,0,0
52,90062,54,4.203703703703703,54.370370370370374,68.46639231824417,40,14,0,0,0,0,4,8,4,7,9,16,6,0,0,0,1,0,0,0,0,0,0,0,0,0,0,0,0,0,0,0,0,0,0,0,0,0,0,0,0,0,0,0,0,0,0,0,0,0,0
264,91775,16,5.875,292.8125,475.8203125,7,8,1,0,0,0,0,2,1,1,4,6,1,1,0,0,0,0,0,0,0,0,0,0,0,0,0,0,0,0,0,0,0,1,0,0,0,0,0,0,0,0,0,0,0,0,0,0,0,0,0
241,91711,118,6.02542372881356,326.6779661016949,528.7753519103705,47,69,2,0,0,0,1,3,7,11,29,48,18,1,0,0,0,0,0,0,0,0,0,0,0,0,0,0,0,0,0,0,0,0,0,1,0,0,0,0,0,0,0,0,0,0,0,0,0,0,0
13,90015,205,6.11219512195122,236.78536585365853,384.6318381915527,95,95,12,3,0,2,2,4,9,27,45,57,49,10,0,0,1,0,0,0,0,0,0,0,0,0,0,0,0,0,0,0,0,0,0,0,0,0,0,0,0,0,0,0,0,0,0,0,0,0,0
88,90275,48,6.583333333333333,196.27083333333334,359.8298611111111,16,27,2,3,0,0,1,2,5,8,13,15,3,1,0,0,0,0,0,0,0,0,0,0,0,0,0,0,0,0,0,0,0,0,0,0,0,0,0,0,1,0,0,0,0,0,0,0,0,0,0
273,91801,175,5.008571428571429,410.4114285714286,569.8855836734695,108,66,1,0,0,1,0,6,15,17,55,66,14,1,0,0,0,0,0,0,0,0,0,0,0,0,0,0,0,0,0,0,0,1,0,0,0,0,0,0,0,0,0,0,0,0,0,0,0,0,0
166,91042,33,5.333333333333333,135.45454545454547,188.8154269972452,20,13,0,0,0,0,0,2,2,0,7,11,11,0,0,0,0,0,0,0,0,0,0,0,0,0,0,0,0,0,0,0,0,0,0,0,0,0,0,1,0,0,0,0,0,0,0,0,0,0,0
322,93553,2,4.5,41.5,41.5,2,0,0,0,0,0,0,0,0,0,0,1,0,1,0,0,0,0,0,0,0,0,0,0,0,0,0,0,0,0,0,0,0,0,0,0,0,0,0,0,0,0,0,0,0,0,0,0,0,0,1
134,90716,43,4.813953488372093,187.3953488372093,252.7658193618172,28,15,0,0,0,0,3,2,4,6,5,15,7,1,0,0,0,0,0,0,0,0,0,0,0,0,0,0,0,0,0,0,1,0,0,0,0,0,0,0,0,0,0,0,0,0,0,0,0,0,0
315,93534,151,4.566225165562914,99.9271523178808,137.64799789482916,94,57,0,0,0,1,6,14,22,28,24,35,19,2,0,0,0,0,0,0,0,0,0,0,0,1,0,0,0,0,0,0,0,0,0,0,0,0,0,0,0,0,0,0,0,0,0,0,0,0,0
243,91723,72,5.659722222222222,237.09722222222223,349.0597993827161,39,32,1,0,0,0,0,2,7,4,17,23,15,4,0,0,0,0,0,0,0,0,0,0,0,0,0,1,0,0,0,0,0,0,0,0,0,0,0,0,0,0,0,0,0,0,0,0,0,0,0
54,90064,212,5.830188679245283,269.9433962264151,425.2881808472766,106,94,8,4,0,1,0,15,14,25,49,71,32,5,0,0,0,0,0,0,0,0,0,0,0,0,0,0,0,0,0,0,0,0,0,0,0,0,0,0,0,0,0,0,0,0,0,0,1,0,0
50,90059,69,3.789855072463768,76.23188405797102,85.07036336904012,61,8,0,0,0,2,9,6,2,10,12,12,10,6,0,0,0,0,0,0,0,0,0,0,0,0,0,0,0,0,0,0,0,0,0,0,0,0,0,0,0,0,0,1,0,0,0,0,0,0,0
174,91201,62,5.620967741935484,180.03225806451613,258.4334027055151,37,24,0,1,0,0,1,2,7,3,11,15,20,3,0,0,0,0,0,0,0,0,0,0,0,0,1,0,0,0,0,0,0,0,0,0,0,0,0,0,0,0,0,0,0,0,0,0,0,0,0
189,91307,47,5.01063829787234,155.70212765957447,228.5839746491625,25,22,0,0,0,0,0,4,9,8,9,9,5,3,0,0,0,0,0,0,0,0,0,0,0,0,0,0,0,0,0,0,0,0,1,0,0,0,0,0,0,0,0,0,0,0,0,0,0,0,0
326,96137,2,9.0,19.5,39.0,0,2,0,0,0,0,0,0,0,0,0,0,2,0,0,0,0,0,0,0,0,0,0,0,0,0,0,0,0,0,0,0,0,0,0,0,0,0,0,0,0,0,0,0,0,0,0,0,1,0,0
187,91304,65,5.076923076923077,140.0,187.38461538461536,44,20,1,0,0,0,0,7,5,6,9,18,14,6,0,0,0,0,0,0,0,0,0,0,0,0,0,0,0,0,0,0,0,0,1,0,0,0,0,0,0,0,0,0,0,0,0,0,0,0,0
169,91104,82,5.201219512195122,214.3048780487805,297.9360499702558,52,28,2,0,0,0,2,6,2,10,19,27,13,3,0,0,0,0,0,0,0,0,0,0,0,0,0,0,0,0,0,0,0,1,0,0,0,0,0,0,0,0,0,0,0,0,0,0,0,0,0
58,90068,67,6.388059701492537,339.67164179104475,583.0184896413455,25,36,6,0,0,0,0,2,8,6,14,19,12,6,0,0,0,0,0,0,0,0,0,0,0,0,0,0,0,0,0,0,0,0,0,0,0,0,0,0,0,0,0,0,1,0,0,0,0,0,0
48,90057,79,5.3164556962025316,172.8227848101266,234.07643005928537,57,19,0,3,0,0,0,3,2,10,14,24,19,7,0,0,1,0,0,0,0,0,0,0,0,0,0,0,0,0,0,0,0,0,0,0,0,0,0,0,0,0,0,0,0,0,0,0,0,0,0
235,91606,107,4.626168224299065,150.57943925233644,192.7979736221504,77,30,0,0,0,0,2,13,9,5,24,36,12,6,0,0,0,0,0,0,0,0,0,0,0,0,0,0,0,0,0,0,0,0,0,0,0,0,0,1,0,0,0,0,0,0,0,0,0,0,0
252,91746,64,4.171875,115.203125,133.20361328125,54,10,0,0,0,0,1,6,5,10,13,13,11,5,0,1,0,0,0,0,0,0,0,0,0,0,0,0,0,0,0,0,0,0,0,0,0,0,0,0,0,0,0,0,0,0,0,0,0,0,0
21,90023,197,4.350253807106599,58.59390862944162,69.00399391893633,164,32,0,1,0,0,10,14,6,33,26,45,36,27,0,0,0,0,0,0,0,0,0,0,0,0,0,0,1,0,0,0,0,0,0,0,0,0,0,0,0,0,0,0,0,0,0,0,0,0,0
160,91011,56,5.848214285714286,219.03571428571428,344.1989795918367,25,30,1,0,0,0,0,1,5,8,16,16,10,0,0,0,0,0,0,0,0,0,0,0,0,0,1,0,0,0,0,0,0,0,0,0,0,0,0,0,0,0,0,0,0,0,0,0,0,0,0
276,92081,1,10.0,32.0,64.0,0,1,0,0,0,0,0,0,0,0,0,0,0,1,0,0,0,0,0,0,1,0,0,0,0,0,0,0,0,0,0,0,0,0,0,0,0,0,0,0,0,0,0,0,0,0,0,0,0,0,0
191,91316,70,6.685714285714286,343.8,589.3714285714285,22,46,2,0,0,0,0,1,4,6,17,25,15,2,0,0,0,0,0,0,0,0,0,0,0,0,0,0,0,0,0,0,0,0,0,0,0,0,0,0,0,0,0,0,0,0,0,0,0,1,0
293,92703,3,4.666666666666667,64.0,64.0,3,0,0,0,0,0,0,0,0,0,0,0,2,1,0,0,0,0,0,0,0,0,0,0,0,0,0,0,0,0,0,0,0,0,0,0,1,0,0,0,0,0,0,0,0,0,0,0,0,0,0
257,91763,1,6.0,275.0,550.0,0,1,0,0,0,0,0,0,0,1,0,0,0,0,0,0,0,0,0,0,0,0,0,0,0,0,0,0,0,0,0,0,0,0,0,1,0,0,0,0,0,0,0,0,0,0,0,0,0,0,0
308,93033,2,4.5,66.5,66.5,2,0,0,0,0,0,0,0,0,0,0,0,2,0,0,0,0,0,0,0,0,0,0,0,0,0,0,0,0,0,0,1,0,0,0,0,0,0,0,0,0,0,0,0,0,0,0,0,0,0,0
149,90806,92,4.146739130434782,114.5,138.14673913043478,73,19,0,0,0,0,3,9,11,14,25,12,12,6,0,0,0,0,0,0,0,0,1,0,0,0,0,0,0,0,0,0,0,0,0,0,0,0,0,0,0,0,0,0,0,0,0,0,0,0,0
130,90710,48,4.75,89.4375,119.25,32,16,0,0,0,2,1,4,4,6,7,8,16,0,0,0,0,0,0,0,0,0,0,0,0,0,0,0,0,0,0,0,0,0,0,0,0,0,0,0,1,0,0,0,0,0,0,0,0,0,0
151,90808,92,5.288043478260869,219.84782608695653,322.60278827977316,49,43,0,0,0,1,1,3,9,8,28,29,11,2,0,0,0,0,0,0,0,0,0,0,0,0,0,0,0,0,0,0,1,0,0,0,0,0,0,0,0,0,0,0,0,0,0,0,0,0,0
99,90304,107,4.172897196261682,89.90654205607477,107.55175124465018,86,21,0,0,0,1,7,3,8,16,24,33,13,2,0,0,0,0,0,0,0,0,0,0,0,0,0,0,0,0,0,0,0,0,0,0,0,0,0,0,0,0,0,0,0,0,1,0,0,0,0
87,90274,40,6.175,133.6,223.78,14,25,1,0,0,0,0,1,4,7,10,11,5,2,0,0,0,0,0,0,0,0,0,0,0,0,0,0,0,0,0,0,0,0,0,0,0,0,0,0,1,0,0,0,0,0,0,0,0,0,0
214,91381,38,5.2894736842105265,210.05263157894737,326.1343490304709,18,19,1,0,0,0,0,5,5,8,11,1,7,1,1,0,0,0,0,0,0,0,0,0,0,0,0,0,0,0,0,0,0,0,0,0,0,0,0,0,0,0,0,0,0,0,0,0,0,0,0
121,90631,48,5.625,170.22916666666666,255.34375,25,22,1,0,0,0,1,2,6,5,7,11,14,2,0,1,0,0,0,0,0,0,0,0,0,0,0,0,0,0,0,0,0,0,0,0,0,0,0,0,0,0,0,0,0,0,0,0,0,0,0
327,98188,1,6.0,3.0,6.0,0,1,0,0,0,0,0,0,0,1,0,0,0,0,0,1,0,0,0,0,0,0,0,0,0,0,0,0,0,0,0,0,0,0,0,0,0,0,0,0,0,0,0,0,0,0,0,0,0,0,0
20,90022,341,4.428152492668621,86.6158357771261,105.15822877340236,268,73,0,0,0,0,6,35,25,33,55,90,74,23,0,0,0,0,0,0,0,0,0,0,0,0,0,0,1,0,0,0,0,0,0,0,0,0,0,0,0,0,0,0,0,0,0,0,0,0,0
188,91306,56,4.883928571428571,151.51785714285714,197.5143494897959,39,17,0,0,0,0,0,3,6,6,12,14,10,5,0,0,0,0,0,0,0,0,0,0,0,0,0,0,0,0,0,0,0,0,1,0,0,0,0,0,0,0,0,0,0,0,0,0,0,0,0
71,90240,80,4.86875,209.775,288.440625,50,30,0,0,0,0,1,6,8,14,22,17,11,1,0,0,0,0,0,0,0,0,0,0,0,0,0,0,0,0,0,0,0,0,0,0,0,0,0,0,0,0,0,0,0,1,0,0,0,0,0
106,90501,148,5.712837837837838,251.3918918918919,371.99205624543464,86,53,9,0,0,0,2,6,3,20,31,57,23,6,0,0,0,0,0,0,0,0,0,0,0,0,0,0,0,0,1,0,0,0,0,0,0,0,0,0,0,0,0,0,0,0,0,0,0,0,0
270,91790,141,4.75531914893617,223.47517730496455,296.38197273778985,95,46,0,0,0,1,5,6,10,23,24,50,20,2,0,1,0,0,0,0,0,0,0,0,0,0,0,0,0,0,0,0,0,0,0,0,0,0,0,0,0,0,0,0,0,0,0,0,0,0,0
102,90402,20,7.65,256.9,539.49,4,11,4,1,0,0,0,0,1,2,11,4,2,0,0,0,0,0,0,0,0,0,0,0,0,0,0,0,0,0,0,0,0,0,0,0,0,0,0,0,0,0,0,0,0,0,0,0,1,0,0
